{"actions":[],"apps":[{"acl":{"app":[],"field":[],"record":[]},"app":null,"category":{"categories":[],"useCategory":"false"},"form":{"layout":"[{\"id\":null,\"type\":\"ROW\",\"isSubTable\":false,\"var\":null,\"controlList\":[{\"isVirtical\":true,\"styleMap\":{\"width\":162},\"type\":\"MULTIPLE_CHECK\",\"var\":\"チェックボックス\",\"label\":\"確認\",\"align\":\"horizontal\"}]},{\"id\":null,\"type\":\"ROW\",\"isSubTable\":false,\"var\":null,\"controlList\":[{\"isVirtical\":true,\"styleMap\":{\"width\":344},\"type\":\"USER_SELECT\",\"var\":\"destination\",\"label\":\"宛先\"}]},{\"id\":null,\"type\":\"ROW\",\"isSubTable\":false,\"var\":null,\"controlList\":[{\"isVirtical\":true,\"styleMap\":{\"width\":196},\"type\":\"DATETIME\",\"var\":\"time\",\"label\":\"時刻\"}]},{\"id\":null,\"type\":\"ROW\",\"isSubTable\":false,\"var\":null,\"controlList\":[{\"isVirtical\":true,\"styleMap\":{\"width\":433},\"type\":\"SINGLE_LINE_TEXT\",\"var\":\"requester\",\"label\":\"依頼主\"},{\"label\":\"\\u003Cdiv\\u003E\\u003Cbr /\\u003E\\u003C/div\\u003E\\u003Cdiv\\u003E\\u003Cbr /\\u003E\\u003C/div\\u003Eさん\",\"styleMap\":{\"width\":74},\"formatted\":\"\\u003Cdiv\\u003E\\u003Cbr\\u003E\\u003C/div\\u003E\\u003Cdiv\\u003E\\u003Cbr\\u003E\\u003C/div\\u003Eさん\",\"type\":\"LABEL\"}]},{\"id\":null,\"type\":\"ROW\",\"isSubTable\":false,\"var\":null,\"controlList\":[{\"isVirtical\":true,\"styleMap\":{\"width\":304},\"type\":\"SINGLE_CHECK\",\"var\":\"matter\",\"label\":\"用件\",\"align\":\"vertical\"},{\"isVirtical\":true,\"styleMap\":{\"width\":193},\"type\":\"SINGLE_LINE_TEXT\",\"var\":\"tel\",\"label\":\"電話番号\"}]},{\"id\":null,\"type\":\"ROW\",\"isSubTable\":false,\"var\":null,\"controlList\":[{\"isVirtical\":true,\"styleMap\":{\"width\":497,\"height\":121,\"innerHeight\":84},\"type\":\"MULTIPLE_LINE_TEXT\",\"var\":\"message\",\"label\":\"伝言\"}]},{\"id\":null,\"type\":\"ROW\",\"isSubTable\":false,\"var\":null,\"controlList\":[{\"isVirtical\":true,\"styleMap\":{\"width\":162},\"type\":\"CREATOR\",\"var\":\"person\",\"label\":\"このメモを書いた人\"}]}]","revision":null},"iconMeta":{"internalName":null,"mime":"image/png","name":"受話器のアイコン.png"},"info":{"code":null,"decimalPrecision":"16","decimalScale":"4","description":"\u003Cdiv\u003E\u003Cbr /\u003E\u003C/div\u003E","enableBulkDeletion":"false","fiscalYearStartMonth":"4","iconKey":"1517","iconType":"BLOB","jsFiles":null,"jsScope":"ALL","name":"電話メモ","roundingMode":"HALF_EVEN","theme":"PLAIN","titleComponentLocalId":"5322500","useComment":"true","useHistory":"true","useThumbnail":"true"},"jsFiles":[{"jsFileMetas":[{"internalName":null,"locationType":"URL","mime":null,"name":null,"url":"https://js.cybozu.com/momentjs/2.15.1/moment.min.js"},{"internalName":null,"locationType":"URL","mime":null,"name":null,"url":"https://js.cybozu.com/momentjs/2.15.1/moment-with-locales.min.js"},{"internalName":null,"locationType":"BLOB","mime":"text/javascript","name":"phonemessage.js","url":null}],"jsType":"DESKTOP"}],"notification":{"appNotifications":[{"events":["RECORD_ADDED","RECORD_COMMENT_ADDED","RECORD_STATUS_UPDATED","RECORD_UPDATED"],"target":{"entityId":"5322498","entityType":"FIELD_ENTITY","includeSubs":"false"}},{"events":["RECORD_COMMENT_ADDED"],"target":{"entityId":"5322480","entityType":"FIELD_ENTITY","includeSubs":"false"}},{"events":["RECORD_COMMENT_ADDED"],"target":{"entityId":"5322481","entityType":"FIELD_ENTITY","includeSubs":"false"}}],"recordNotifications":[],"reminderTimezone":"Asia/Tokyo","reminders":[],"useComment":"true","useReminder":"false"},"plugin":{"pluginIds":["fjgmlmifjlpmcpmkkpbeojlkbnoooeol"]},"reports":[],"resource":{"tables":[{"rows":[{"fields":[],"objectId":"0","subObjectId":"-1"}],"type":"AppName"},{"rows":[{"fields":[],"objectId":"0","subObjectId":"-1"}],"type":"AppDescription"},{"rows":[{"fields":[],"objectId":"5322479","subObjectId":"-1"},{"fields":[],"objectId":"5322480","subObjectId":"-1"},{"fields":[],"objectId":"5322481","subObjectId":"-1"},{"fields":[],"objectId":"5322482","subObjectId":"-1"},{"fields":[],"objectId":"5322483","subObjectId":"-1"},{"fields":[],"objectId":"5322484","subObjectId":"-1"},{"fields":[],"objectId":"5322485","subObjectId":"-1"},{"fields":[],"objectId":"5322486","subObjectId":"-1"},{"fields":[],"objectId":"5322498","subObjectId":"-1"},{"fields":[],"objectId":"5322499","subObjectId":"-1"},{"fields":[],"objectId":"5322500","subObjectId":"-1"},{"fields":[],"objectId":"5322501","subObjectId":"-1"},{"fields":[],"objectId":"5322501","subObjectId":"5322490"},{"fields":[],"objectId":"5322501","subObjectId":"5322491"},{"fields":[],"objectId":"5322501","subObjectId":"5322492"},{"fields":[],"objectId":"5322502","subObjectId":"-1"},{"fields":[],"objectId":"5322647","subObjectId":"-1"},{"fields":[],"objectId":"5517888","subObjectId":"-1"},{"fields":[],"objectId":"5517888","subObjectId":"5517886"}],"type":"FieldLabel"},{"rows":[{"fields":[],"objectId":"5322552","subObjectId":"-1"},{"fields":[],"objectId":"5517917","subObjectId":"-1"},{"fields":[],"objectId":"20","subObjectId":"-1"}],"type":"ViewName"}]},"schema":{"groups":[],"revision":null,"subTable":{},"table":{"fieldList":{"5322479":{"id":"5322479","label":"レコード番号","properties":{"noLabel":"false","required":"true"},"type":"RECORD_ID","var":"レコード番号"},"5322480":{"id":"5322480","label":"更新者","properties":{"noLabel":"false","required":"true"},"type":"MODIFIER","var":"更新者"},"5322481":{"id":"5322481","label":"このメモを書いた人","properties":{"noLabel":"false","required":"true"},"type":"CREATOR","var":"person"},"5322482":{"id":"5322482","label":"更新日時","properties":{"noLabel":"false","required":"true"},"type":"MODIFIED_AT","var":"更新日時"},"5322483":{"id":"5322483","label":"作成日時","properties":{"noLabel":"false","required":"true"},"type":"CREATED_AT","var":"作成日時"},"5322484":{"id":"5322484","label":"ステータス","properties":{"noLabel":"false","required":"false"},"type":"STATUS","var":"ステータス"},"5322485":{"id":"5322485","label":"作業者","properties":{"noLabel":"false","required":"false"},"type":"STATUS_ASSIGNEE","var":"作業者"},"5322486":{"id":"5322486","label":"カテゴリー","properties":{"noLabel":"false","required":"false"},"type":"CATEGORY","var":"カテゴリー"},"5322498":{"id":"5322498","label":"宛先","properties":{"defaultEntities":[],"defaultSelect":[],"entities":[],"noLabel":"false","required":"true","select":[]},"type":"USER_SELECT","var":"destination"},"5322499":{"id":"5322499","label":"時刻","properties":{"defaultExpression":"NOW","defaultValue":null,"noLabel":"false","required":"true","unique":"false"},"type":"DATETIME","var":"time"},"5322500":{"id":"5322500","label":"依頼主","properties":{"defaultValue":"","expression":"","hideExpression":"false","max":null,"min":null,"noLabel":"false","required":"true","unique":"false"},"type":"SINGLE_LINE_TEXT","var":"requester"},"5322501":{"id":"5322501","label":"用件","properties":{"defaultValue":"5322490","noLabel":"false","options":[{"id":"5322490","label":"折返しお電話ください","valid":true},{"id":"5322491","label":"連絡があったことをお伝えください","valid":true},{"id":"5322492","label":"伝言を残します","valid":true}],"required":"true"},"type":"SINGLE_CHECK","var":"matter"},"5322502":{"id":"5322502","label":"電話番号","properties":{"defaultValue":"","expression":"","hideExpression":"false","max":null,"min":null,"noLabel":"false","required":"false","unique":"false"},"type":"SINGLE_LINE_TEXT","var":"tel"},"5322647":{"id":"5322647","label":"伝言","properties":{"defaultValue":"","noLabel":"false","required":"false"},"type":"MULTIPLE_LINE_TEXT","var":"message"},"5517888":{"id":"5517888","label":"確認","properties":{"defaultValue":[],"noLabel":"true","options":[{"id":"5517886","label":"確認しました","valid":true}],"required":"false"},"type":"MULTIPLE_CHECK","var":"チェックボックス"}},"id":"1","label":"__ROOT__","var":"__ROOT__"}},"status":{"actions":[],"filters":[],"initialStateId":null,"states":[],"useStatus":"false"},"uuid":"46f9cfc9-0fe6-4088-8da5-fab72f9e38c3","views":[{"advancedMode":"false","builtinType":null,"fields":[{"row":[{"id":"5517888"},{"id":"5322499"},{"id":"5322500"},{"id":"5322501"},{"id":"5322481"}]}],"filter":{"category":null,"offset":null,"order":["DESC"],"q":"f5322498 in (\" USER\", LOGINUSER())","size":null,"sort":["f5322499"]},"html":null,"keyFieldId":null,"name":"自分宛ての電話メモ","pager":null,"revision":null,"titleFieldId":null,"view":"5322552","viewType":"LIST"},{"advancedMode":"false","builtinType":null,"fields":[{"row":[{"id":"5517888"},{"id":"5322499"},{"id":"5322500"},{"id":"5322501"}]}],"filter":{"category":null,"offset":null,"order":["DESC"],"q":"f5322481 in (\" USER\", LOGINUSER())","size":null,"sort":["f5322499"]},"html":null,"keyFieldId":null,"name":"自分が送った電話メモ","pager":null,"revision":null,"titleFieldId":null,"view":"5517917","viewType":"LIST"},{"advancedMode":null,"builtinType":"ALL","fields":[{"row":[{"id":"5322479"},{"id":"5322498"},{"id":"5322499"},{"id":"5322500"},{"id":"5322501"},{"id":"5322502"},{"id":"5322647"},{"id":"5517888"}]}],"filter":{"category":null,"offset":null,"order":[],"q":null,"size":null,"sort":[]},"html":null,"keyFieldId":null,"name":"（すべて）","pager":null,"revision":null,"titleFieldId":null,"view":"20","viewType":"LIST"}]}],"description":"キントーンでガルーンの電話メモを実現するアプリです","iconKey":"20171101141942610F3B2404844820B09CABFE5A4F136B282","iconMeta":{"internalName":null,"mime":"image/png","name":"受話器のアイコン.png"},"iconSrcAppId":"46f9cfc9-0fe6-4088-8da5-fab72f9e38c3","iconType":"BLOB","imagesMeta":[],"lookups":[],"name":"電話メモ","references":[],"version":"19"}